,postalCode,bed,bath,sqft,lot_size,built,on_site,City,price,HOA,Latitude,Longitude,link,img,Place Name,CND,SFR,TWN,estimate,percent_difference
0,25401,3.0,1.0,1190.0,0.0,86.0,310,Martinsburg,65000,0.0,39.4567,-77.9727,https://www.ziprealty.com/property/116-S-VALLEY-ST-MARTINSBURG-WV-25401/75546727/detail,https://images-mls.static-ziprealty.com/images_mls/MRIS/B/E8/26/78/BE8267860_180.jpg,Martinsburg,0.0,1.0,0.0,73262,0.127107692308
1,25401,3.0,2.0,1120.0,3485.0,86.0,310,Martinsburg,65000,0.0,39.4567,-77.9727,https://www.ziprealty.com/property/505-S-KENTUCKY-AVE-MARTINSBURG-WV-25401/75547528/detail,https://images-mls.static-ziprealty.com/images_mls/MRIS/B/E8/26/79/BE8267911_180.jpg,Martinsburg,0.0,1.0,0.0,71973,0.107276923077
42,25427,3.0,2.0,2018.0,0.0,0.0,37,Hedgesville,149900,0.0,39.5214,-78.0912,https://www.ziprealty.com/property/link/M-BE9609678-MRIS/detail,https://images-mls.static-ziprealty.com/images_mls/MRIS/B/E9/60/96/BE9609678_180.jpg,Hedgesville,0.0,1.0,0.0,171487,0.14400933956
43,25427,2.0,1.0,768.0,33977.0,39.0,37,Hedgesville,35000,0.0,39.5214,-78.0912,https://www.ziprealty.com/property/134-ONONDAGA-TRL-HEDGESVILLE-WV-25427/75543488/detail,https://images-mls.static-ziprealty.com/images_mls/MRIS/B/E9/60/93/BE9609382_180.jpg,Hedgesville,0.0,1.0,0.0,49474,0.413542857143
44,25427,4.0,5.0,4200.0,0.0,24.0,40,Hedgesville,550000,0.0,39.5214,-78.0912,https://www.ziprealty.com/property/576-GIRL-SCOUT-DR-HEDGESVILLE-WV-25427/75541132/detail,https://images-mls.static-ziprealty.com/images_mls/MRIS/B/E9/60/77/BE9607736_180.jpg,Hedgesville,0.0,1.0,0.0,606007,0.101830909091
63,29431,2.0,2.0,960.0,19166.0,4.0,263,Bonneau,76000,0.0,33.2703,-79.8736,https://www.ziprealty.com/property/336-GENERAL-MOULTRIE-DR-BONNEAU-SC-29431/82727070/detail,https://images-mls.static-ziprealty.com/images_mls/SC_CTAR/15/01/26/15012647_180.jpg,Bonneau,0.0,1.0,0.0,95585,0.257697368421
70,29450,5.0,4.0,4600.0,0.0,17.0,263,Huger,464900,0.0,33.0439,-79.7841,https://www.ziprealty.com/property/721-KATY-LN-HUGER-SC-29450/61987144/detail,https://images-mls.static-ziprealty.com/images_mls/SC_CTAR/15/00/70/15007043_180.jpg,Huger,0.0,1.0,0.0,592030,0.273456657346
72,29453,1.0,1.0,400.0,0.0,20.0,13,Jamestown,119000,0.0,33.2221,-79.6282,https://www.ziprealty.com/property/link/M-16010788-SC_CTAR/detail,https://images-mls.static-ziprealty.com/images_mls/SC_CTAR/16/01/07/16010788_180.jpg,Jamestown,0.0,1.0,0.0,143312,0.204302521008
85,29469,5.0,3.0,2568.0,32670.0,47.0,41,Pinopolis,280000,0.0,33.2241,-80.0398,https://www.ziprealty.com/property/link/M-16007853-SC_CTAR/detail,https://images-mls.static-ziprealty.com/images_mls/SC_CTAR/16/00/78/16007853_180.jpg,Pinopolis,0.0,1.0,0.0,317187,0.132810714286
97,29479,3.0,2.0,1239.0,0.0,30.0,106,St Stephen,79999,0.0,33.3362,-79.9236,https://www.ziprealty.com/property/249-SAVANNA-CREEK-WAY-SAINT-STEPHEN-SC-29479/61961084/detail,https://images-mls.static-ziprealty.com/images_mls/SC_CTAR/16/00/15/16001502_180.jpg,Saint Stephen,0.0,1.0,0.0,114516,0.431467893349
101,29479,3.0,2.0,1680.0,22651.0,46.0,147,St Stephen,92000,0.0,33.3362,-79.9236,https://www.ziprealty.com/property/link/M-15030576-SC_CTAR/detail,https://images-mls.static-ziprealty.com/images_mls/SC_CTAR/15/03/05/15030576_180.jpg,Saint Stephen,0.0,1.0,0.0,133304,0.448956521739
169,48009,4.0,4.0,3422.0,4792.0,1.0,3,Birmingham,3800,0.0,42.5444,-83.2133,https://www.ziprealty.com/property/link/M-21140774-MI_GSAR/detail,https://images.static-ziprealty.com/z/20160426171848/images/homes/no-photo-158x119.png,Birmingham,0.0,1.0,0.0,217568,56.2547368421
273,48025,5.0,5.0,4385.0,0.0,50.0,3,Franklin,4750,0.0,42.5219,-83.2519,https://www.ziprealty.com/property/25310-CANTERBURY-RD-FRANKLIN-MI-48025/38121403/detail,https://images.static-ziprealty.com/z/20160426171848/images/homes/no-photo-158x119.png,Franklin,0.0,1.0,0.0,379152,78.8214736842
278,48025,5.0,5.0,5331.0,0.0,50.0,4,Franklin,4750,0.0,42.5219,-83.2519,https://www.ziprealty.com/property/link/M-21140603-MI_GSAR/detail,https://images.static-ziprealty.com/z/20160426171848/images/homes/no-photo-158x119.png,Franklin,0.0,1.0,0.0,380913,79.1922105263
286,48025,3.0,2.0,2438.0,9583.0,63.0,5,Franklin,1675,0.0,42.5219,-83.2519,https://www.ziprealty.com/property/link/M-21139710-MI_GSAR/detail,https://images.static-ziprealty.com/z/20160426171848/images/homes/no-photo-158x119.png,Franklin,0.0,1.0,0.0,44813,25.7540298507
288,48025,3.0,2.0,4033.0,32670.0,58.0,5,Franklin,424900,0.0,42.5219,-83.2519,https://www.ziprealty.com/property/link/M-21138823-MI_GSAR/detail,https://images.static-ziprealty.com/z/20160426171848/images/homes/no-photo-158x119.png,Franklin,0.0,1.0,0.0,482804,0.136276771005
290,48025,3.0,2.0,1219.0,9583.0,63.0,6,Franklin,1675,0.0,42.5219,-83.2519,https://www.ziprealty.com/property/17810-BEVERLY-RD-BEVERLY-HILLS-MI-48025/38117774/detail,https://images.static-ziprealty.com/z/20160426171848/images/homes/no-photo-158x119.png,Franklin,0.0,1.0,0.0,33900,19.2388059701
311,48025,4.0,2.0,2626.0,7841.0,35.0,13,Franklin,2700,0.0,42.5219,-83.2519,https://www.ziprealty.com/property/16027-KIRKSHIRE-AVE-BEVERLY-HILLS-MI-48025/38117994/detail,https://images.static-ziprealty.com/z/20160426171848/images/homes/no-photo-158x119.png,Franklin,0.0,1.0,0.0,21689,7.03296296296
313,48025,4.0,2.0,3247.0,7841.0,35.0,13,Franklin,2700,0.0,42.5219,-83.2519,https://www.ziprealty.com/property/link/M-21136088-MI_GSAR/detail,https://images.static-ziprealty.com/z/20160426171848/images/homes/no-photo-158x119.png,Franklin,0.0,1.0,0.0,24450,8.05555555556
329,48025,3.0,3.0,2866.0,15246.0,54.0,15,Franklin,318800,0.0,42.5219,-83.2519,https://www.ziprealty.com/property/link/M-21125753-MI_GSAR/detail,https://images-mls.static-ziprealty.com/images_mls/MI_GSAR/21/12/57/21125753_180.jpg,Franklin,0.0,1.0,0.0,360019,0.129294228356
335,48025,3.0,2.0,2394.0,0.0,77.0,15,Beverly Hills,2750,0.0,42.5219,-83.2519,https://www.ziprealty.com/property/link/M-21132825-MI_GSAR/detail,https://images.static-ziprealty.com/z/20160426171848/images/homes/no-photo-158x119.png,Franklin,0.0,1.0,0.0,28319,9.29781818182
336,48025,4.0,2.0,3060.0,15682.0,52.0,15,Franklin,2850,0.0,42.5219,-83.2519,https://www.ziprealty.com/property/link/M-21132622-MI_GSAR/detail,https://images.static-ziprealty.com/z/20160426171848/images/homes/no-photo-158x119.png,Franklin,0.0,1.0,0.0,33681,10.8178947368
339,48025,3.0,1.0,1381.0,10890.0,64.0,16,Beverly Hills,1700,0.0,42.5219,-83.2519,https://www.ziprealty.com/property/16276-AMHERST-AVE-BEVERLY-HILLS-MI-48025/38118704/detail,https://images.static-ziprealty.com/z/20160426171848/images/homes/no-photo-158x119.png,Franklin,0.0,1.0,0.0,12847,6.55705882353
340,48025,3.0,2.0,1692.0,12632.0,64.0,16,Beverly Hills,2300,0.0,42.5219,-83.2519,https://www.ziprealty.com/property/16276-LAUDERDALE-AVE-BEVERLY-HILLS-MI-48025/38118681/detail,https://images.static-ziprealty.com/z/20160426171848/images/homes/no-photo-158x119.png,Franklin,0.0,1.0,0.0,29095,11.65
344,48025,3.0,2.0,1420.0,0.0,77.0,18,Beverly Hills,2750,0.0,42.5219,-83.2519,https://www.ziprealty.com/property/17965-BIRWOOD-AVE-BEVERLY-HILLS-MI-48025/38117514/detail,https://images.static-ziprealty.com/z/20160426171848/images/homes/no-photo-158x119.png,Franklin,0.0,1.0,0.0,9771,2.55309090909
345,48025,4.0,2.0,2516.0,15682.0,52.0,18,Franklin,2850,0.0,42.5219,-83.2519,https://www.ziprealty.com/property/30830-LINCOLNSHIRE-E-BEVERLY-HILLS-MI-48025/38123097/detail,https://images.static-ziprealty.com/z/20160426171848/images/homes/no-photo-158x119.png,Franklin,0.0,1.0,0.0,29390,9.31228070175
350,48025,3.0,2.0,1420.0,0.0,77.0,19,Beverly Hills,2750,0.0,42.5219,-83.2519,https://www.ziprealty.com/property/17965-BIRWOOD-AVE-BEVERLY-HILLS-MI-48025/38117514/detail,https://images-mls.static-ziprealty.com/images_mls/MI_FAAR/2/16/03/52/216035277_180.jpg,Franklin,0.0,1.0,0.0,10867,2.95163636364
358,48025,4.0,3.0,2516.0,15682.0,52.0,20,Beverly Hills,2850,0.0,42.5219,-83.2519,https://www.ziprealty.com/property/30830-LINCOLNSHIRE-E-BEVERLY-HILLS-MI-48025/38123097/detail,https://images-mls.static-ziprealty.com/images_mls/MI_FAAR/2/16/03/54/216035466_180.jpg,Franklin,0.0,1.0,0.0,113134,38.6961403509
386,48030,3.0,1.0,1742.0,15246.0,66.0,6,Hazel Park,1250,0.0,42.4608,-83.0982,https://www.ziprealty.com/property/954-E-ROBERT-AVE-HAZEL-PARK-MI-48030/38210445/detail,https://images.static-ziprealty.com/z/20160426171848/images/homes/no-photo-158x119.png,Hazel Park,0.0,1.0,0.0,21685,16.348
387,48030,3.0,2.0,1137.0,30492.0,86.0,6,Hazel Park,1250,0.0,42.4608,-83.0982,https://www.ziprealty.com/property/1776-E-ELZA-AVE-HAZEL-PARK-MI-48030/38212507/detail,https://images.static-ziprealty.com/z/20160426171848/images/homes/no-photo-158x119.png,Hazel Park,0.0,1.0,0.0,14049,10.2392
429,48030,3.0,2.0,1649.0,5227.0,61.0,14,Hazel Park,1250,0.0,42.4608,-83.0982,https://www.ziprealty.com/property/23361-MELVILLE-AVE-HAZEL-PARK-MI-48030/38189730/detail,https://images.static-ziprealty.com/z/20160426171848/images/homes/no-photo-158x119.png,Hazel Park,0.0,1.0,0.0,26506,20.2048
459,48030,3.0,1.0,1307.0,6534.0,94.0,24,Hazel Park,1000,0.0,42.4608,-83.0982,https://www.ziprealty.com/property/374-W-MADGE-AVE-HAZEL-PARK-MI-48030/38209448/detail,https://images-mls.static-ziprealty.com/images_mls/MI_FAAR/2/16/03/29/216032951_180.jpg,Hazel Park,0.0,1.0,0.0,8469,7.469
498,48067,2.0,2.0,1180.0,0.0,21.0,8,Royal Oak,1899,0.0,42.4906,-83.1366,https://www.ziprealty.com/property/1533-CHESAPEAKE-ROYAL-OAK-MI-48067/38182243/detail,https://images.static-ziprealty.com/z/20160426171848/images/homes/no-photo-158x119.png,Royal Oak,0.0,1.0,0.0,24373,11.8346498157
499,48067,3.0,1.0,1382.0,4356.0,109.0,8,Royal Oak,1800,0.0,42.4906,-83.1366,https://www.ziprealty.com/property/611-S-WEST-ST-ROYAL-OAK-MI-48067/38180012/detail,https://images.static-ziprealty.com/z/20160426171848/images/homes/no-photo-158x119.png,Royal Oak,0.0,1.0,0.0,14694,7.16333333333
519,48069,2.0,1.0,900.0,0.0,89.0,13,Pleasant Ridge,1250,0.0,42.471,-83.1438,https://www.ziprealty.com/property/47-FAIRWOOD-BLVD-PLEASANT-RIDGE-MI-48069/38192937/detail,https://images-mls.static-ziprealty.com/images_mls/MI_REALSOURCE/31/28/78/31287893_180.jpg,Pleasant Ridge,0.0,1.0,0.0,13047,9.4376
538,48069,4.0,3.0,2095.0,5663.0,76.0,64,Pleasant Ridge,2500,0.0,42.471,-83.1438,https://www.ziprealty.com/property/123-MAPLEFIELD-RD-PLEASANT-RIDGE-MI-48069/38195135/detail,https://images-mls.static-ziprealty.com/images_mls/MI_FAAR/2/16/01/92/216019246_180.jpg,Pleasant Ridge,0.0,1.0,0.0,66532,25.6128
608,48070,3.0,2.0,1650.0,6098.0,67.0,51,Huntington Woods,2300,0.0,42.4825,-83.1749,https://www.ziprealty.com/property/10724-VERNON-AVE-HUNTINGTON-WOODS-MI-48070/38179168/detail,https://images-mls.static-ziprealty.com/images_mls/MI_FAAR/2/16/02/35/216023537_180.jpg,Huntington Woods,0.0,1.0,0.0,68726,28.8808695652
620,48071,3.0,2.0,1297.0,0.0,42.0,2,Madison Heights,1500,0.0,42.5016,-83.1027,https://www.ziprealty.com/property/link/M-21141278-MI_GSAR/detail,https://images.static-ziprealty.com/z/20160426171848/images/homes/no-photo-158x119.png,Madison Heights,0.0,1.0,0.0,20727,12.818
656,48071,3.0,1.0,1036.0,6534.0,61.0,7,Madison Heights,1125,0.0,42.5016,-83.1027,https://www.ziprealty.com/property/27786-BRUSH-ST-MADISON-HEIGHTS-MI-48071/38166067/detail,https://images.static-ziprealty.com/z/20160426171848/images/homes/no-photo-158x119.png,Madison Heights,0.0,1.0,0.0,24908,21.1404444444
657,48071,4.0,1.0,1187.0,5663.0,78.0,7,Madison Heights,25000,0.0,42.5016,-83.1027,https://www.ziprealty.com/property/26400-SPICER-ST-MADISON-HEIGHTS-MI-48071/38186456/detail,https://images.static-ziprealty.com/z/20160426171848/images/homes/no-photo-158x119.png,Madison Heights,0.0,1.0,0.0,30835,0.2334
663,48071,2.0,1.0,844.0,4356.0,74.0,7,Madison Heights,52900,0.0,42.5016,-83.1027,https://www.ziprealty.com/property/529-E-GUTHRIE-AVE-MADISON-HEIGHTS-MI-48071/38187272/detail,https://images-mls.static-ziprealty.com/images_mls/MI_REALSOURCE/31/28/87/31288733_180.jpg,Madison Heights,1.0,0.0,0.0,58565,0.107088846881
794,48072,3.0,2.0,1030.0,4356.0,73.0,23,Berkley,1400,0.0,42.5028,-83.1887,https://www.ziprealty.com/property/1940-COLUMBIA-RD-BERKLEY-MI-48072/38172416/detail,https://images-mls.static-ziprealty.com/images_mls/MI_FAAR/2/16/03/37/216033754_180.jpg,Berkley,0.0,1.0,0.0,26067,17.6192857143
823,48073,1.0,1.0,3000.0,0.0,52.0,5,Royal Oak,33000,280.0,42.519,-83.157,https://www.ziprealty.com/property/link/M-21139304-MI_GSAR/detail,https://images.static-ziprealty.com/z/20160426171848/images/homes/no-photo-158x119.png,Royal Oak,1.0,0.0,0.0,63312,0.918545454545
870,48076,2.0,2.0,2000.0,0.0,50.0,2,Southfield,52000,254.0,42.4981,-83.2058,https://www.ziprealty.com/property/link/M-21112035-MI_GSAR/detail,https://images-mls.static-ziprealty.com/images_mls/MI_GSAR/21/11/20/21112035_180.jpg,Southfield,1.0,0.0,0.0,66084,0.270846153846
892,48076,3.0,1.0,1400.0,12197.0,66.0,9,Southfield,1300,0.0,42.4981,-83.2058,https://www.ziprealty.com/property/29645-BRENTWOOD-ST-SOUTHFIELD-MI-48076/38126814/detail,https://images-mls.static-ziprealty.com/images_mls/MI_REALSOURCE/31/28/84/31288432_180.jpg,Southfield,0.0,1.0,0.0,18382,13.14
903,48076,3.0,2.0,2288.0,0.0,57.0,10,Southfield,1200,0.0,42.4981,-83.2058,https://www.ziprealty.com/property/link/M-21137260-MI_GSAR/detail,https://images.static-ziprealty.com/z/20160426171848/images/homes/no-photo-158x119.png,Southfield,0.0,1.0,0.0,32694,26.245
904,48076,3.0,2.0,1288.0,0.0,57.0,11,Southfield,1200,0.0,42.4981,-83.2058,https://www.ziprealty.com/property/29355-CANDLEWOOD-LN-SOUTHFIELD-MI-48076/38125634/detail,https://images.static-ziprealty.com/z/20160426171848/images/homes/no-photo-158x119.png,Southfield,0.0,1.0,0.0,15400,11.8333333333
924,48076,3.0,2.0,1470.0,6534.0,57.0,20,Southfield,1250,0.0,42.4981,-83.2058,https://www.ziprealty.com/property/29753-EVERETT-ST-SOUTHFIELD-MI-48076/38126639/detail,https://images.static-ziprealty.com/z/20160426171848/images/homes/no-photo-158x119.png,Southfield,0.0,1.0,0.0,21715,16.372
925,48076,4.0,3.0,2122.0,8276.0,52.0,21,Southfield,1700,0.0,42.4981,-83.2058,https://www.ziprealty.com/property/27425-BERKSHIRE-DR-SOUTHFIELD-MI-48076/38131388/detail,https://images-mls.static-ziprealty.com/images_mls/MI_FAAR/2/16/03/29/216032937_180.jpg,Southfield,0.0,1.0,0.0,54931,31.3123529412
926,48076,4.0,2.0,3318.0,7405.0,51.0,21,Southfield,114400,0.0,42.4981,-83.2058,https://www.ziprealty.com/property/link/M-21128955-MI_GSAR/detail,https://images-mls.static-ziprealty.com/images_mls/MI_GSAR/21/12/89/21128955_180.jpg,Southfield,0.0,1.0,0.0,128216,0.120769230769
955,48083,4.0,3.0,2592.0,9583.0,44.0,5,Troy,1950,0.0,42.5597,-83.1138,https://www.ziprealty.com/property/link/M-21139256-MI_GSAR/detail,https://images.static-ziprealty.com/z/20160426171848/images/homes/no-photo-158x119.png,Troy,0.0,1.0,0.0,82071,41.0876923077
958,48083,3.0,1.0,984.0,38333.0,64.0,6,Troy,1100,0.0,42.5597,-83.1138,https://www.ziprealty.com/property/1050-BRINSTON-DR-TROY-MI-48083/38060555/detail,https://images.static-ziprealty.com/z/20160426171848/images/homes/no-photo-158x119.png,Troy,0.0,1.0,0.0,12467,10.3336363636
962,48085,3.0,2.0,1257.0,30056.0,60.0,18,Troy,1650,0.0,42.6006,-83.1198,https://www.ziprealty.com/property/1328-E-LONG-LAKE-RD-TROY-MI-48085/38048758/detail,https://images.static-ziprealty.com/z/20160426171848/images/homes/no-photo-158x119.png,Troy,0.0,1.0,0.0,4875,1.95454545455
966,48085,4.0,2.0,2813.0,10019.0,17.0,18,Troy,2500,0.0,42.6006,-83.1198,https://www.ziprealty.com/property/link/M-20726237-MI_GSAR/detail,https://images-mls.static-ziprealty.com/images_mls/MI_GSAR/20/72/62/20726237_180.jpg,Troy,0.0,1.0,0.0,67957,26.1828
994,48098,3.0,2.0,1560.0,15246.0,17.0,1,Troy,175000,0.0,42.5991,-83.1789,https://www.ziprealty.com/property/4345-LIVERNOIS-RD-TROY-MI-48098/38050800/detail,https://images-mls.static-ziprealty.com/images_mls/MI_REALCOMP/2/16/04/20/216042056_180.jpg,Troy,0.0,1.0,0.0,193624,0.106422857143
1155,48220,3.0,1.0,900.0,4356.0,70.0,4,Ferndale,1350,0.0,42.4586,-83.1363,https://www.ziprealty.com/property/353-FARMDALE-ST-FERNDALE-MI-48220/38207458/detail,https://images.static-ziprealty.com/z/20160426171848/images/homes/no-photo-158x119.png,Ferndale,0.0,1.0,0.0,15658,10.5985185185
1164,48220,3.0,1.0,2152.0,6534.0,52.0,5,Ferndale,1100,0.0,42.4586,-83.1363,https://www.ziprealty.com/property/link/M-21139753-MI_GSAR/detail,https://images.static-ziprealty.com/z/20160426171848/images/homes/no-photo-158x119.png,Ferndale,0.0,1.0,0.0,7318,5.65272727273
1167,48220,3.0,1.0,2150.0,8712.0,52.0,5,Ferndale,1090,0.0,42.4586,-83.1363,https://www.ziprealty.com/property/link/M-21138927-MI_GSAR/detail,https://images.static-ziprealty.com/z/20160426171848/images/homes/no-photo-158x119.png,Ferndale,0.0,1.0,0.0,8229,6.5495412844
1178,48220,3.0,1.0,1076.0,6534.0,52.0,6,Ferndale,1100,0.0,42.4586,-83.1363,https://www.ziprealty.com/property/10551-N-OAK-DR-FERNDALE-MI-48220/38203778/detail,https://images.static-ziprealty.com/z/20160426171848/images/homes/no-photo-158x119.png,Ferndale,0.0,1.0,0.0,6996,5.36
1189,48220,3.0,1.0,1075.0,8712.0,52.0,7,Ferndale,1090,0.0,42.4586,-83.1363,https://www.ziprealty.com/property/21409-SCOTIA-LN-FERNDALE-MI-48220/38203745/detail,https://images.static-ziprealty.com/z/20160426171848/images/homes/no-photo-158x119.png,Ferndale,0.0,1.0,0.0,6965,5.38990825688
1204,48220,2.0,1.0,854.0,3049.0,96.0,9,Ferndale,1050,0.0,42.4586,-83.1363,https://www.ziprealty.com/property/842-E-10-MILE-RD-FERNDALE-MI-48220/38193101/detail,https://images.static-ziprealty.com/z/20160426171848/images/homes/no-photo-158x119.png,Ferndale,0.0,1.0,0.0,4553,3.33619047619
1207,48220,2.0,1.0,1431.0,3049.0,91.0,9,Update,64900,0.0,42.4586,-83.1363,https://www.ziprealty.com/property/link/M-21137825-MI_GSAR/detail,https://images.static-ziprealty.com/z/20160426171848/images/homes/no-photo-158x119.png,Ferndale,0.0,1.0,0.0,71633,0.10374422188
1260,48237,2.0,1.0,828.0,5227.0,66.0,1,Oak Park,54900,0.0,42.4662,-83.184,https://www.ziprealty.com/property/10741-TROY-ST-OAK-PARK-MI-48237/38203384/detail,https://images-mls.static-ziprealty.com/images_mls/MI_FAAR/2/16/04/26/216042624_180.jpg,Oak Park,0.0,1.0,0.0,61028,0.111621129326
1263,48237,3.0,1.0,1978.0,0.0,62.0,2,Oak Park,33900,0.0,42.4662,-83.184,https://www.ziprealty.com/property/link/M-21140850-MI_GSAR/detail,https://images.static-ziprealty.com/z/20160426171848/images/homes/no-photo-158x119.png,Oak Park,0.0,1.0,0.0,48046,0.417286135693
1269,48237,3.0,2.0,1917.0,7405.0,62.0,4,Oak Park,74888,0.0,42.4662,-83.184,https://www.ziprealty.com/property/link/M-21140520-MI_GSAR/detail,https://images.static-ziprealty.com/z/20160426171848/images/homes/no-photo-158x119.png,Oak Park,0.0,1.0,0.0,85259,0.138486806965
1273,48237,3.0,1.0,2014.0,0.0,63.0,5,Oak Park,1150,0.0,42.4662,-83.184,https://www.ziprealty.com/property/link/M-21139114-MI_GSAR/detail,https://images.static-ziprealty.com/z/20160426171848/images/homes/no-photo-158x119.png,Oak Park,0.0,1.0,0.0,21495,17.6913043478
1279,48237,3.0,1.0,1014.0,0.0,63.0,7,Oak Park,1150,0.0,42.4662,-83.184,https://www.ziprealty.com/property/24240-RIDGEDALE-ST-OAK-PARK-MI-48237/38200328/detail,https://images.static-ziprealty.com/z/20160426171848/images/homes/no-photo-158x119.png,Oak Park,0.0,1.0,0.0,11463,8.96782608696
1289,48237,3.0,4.0,2079.0,7405.0,60.0,8,Oak Park,77500,0.0,42.4662,-83.184,https://www.ziprealty.com/property/15211-ROSEMARY-BLVD-OAK-PARK-MI-48237/38200471/detail,https://images-mls.static-ziprealty.com/images_mls/MI_REALCOMP/2/16/03/92/216039240_180.jpg,Oak Park,0.0,1.0,0.0,99898,0.289006451613
1292,48237,3.0,1.0,1006.0,7405.0,44.0,12,Oak Park,1300,0.0,42.4662,-83.184,https://www.ziprealty.com/property/24090-MEADOWLARK-ST-OAK-PARK-MI-48237/38194914/detail,https://images.static-ziprealty.com/z/20160426171848/images/homes/no-photo-158x119.png,Oak Park,0.0,1.0,0.0,8316,5.39692307692
1300,48237,3.0,1.0,2030.0,6534.0,63.0,14,Oak Park,1250,0.0,42.4662,-83.184,https://www.ziprealty.com/property/link/M-21134773-MI_GSAR/detail,https://images.static-ziprealty.com/z/20160426171848/images/homes/no-photo-158x119.png,Oak Park,0.0,1.0,0.0,34573,26.6584
1303,48237,3.0,1.0,2528.0,7841.0,65.0,14,Oak Park,69900,0.0,42.4662,-83.184,https://www.ziprealty.com/property/link/M-21134080-MI_GSAR/detail,https://images.static-ziprealty.com/z/20160426171848/images/homes/no-photo-158x119.png,Oak Park,0.0,1.0,0.0,85331,0.220758226037
1304,48237,3.0,1.0,1015.0,6534.0,63.0,14,Oak Park,1300,0.0,42.4662,-83.184,https://www.ziprealty.com/property/24250-RIDGEDALE-ST-OAK-PARK-MI-48237/38200327/detail,https://images.static-ziprealty.com/z/20160426171848/images/homes/no-photo-158x119.png,Oak Park,0.0,1.0,0.0,11258,7.66
1332,48237,5.0,2.0,3105.0,11761.0,126.0,21,Oak Park,89900,0.0,42.4662,-83.184,https://www.ziprealty.com/property/link/M-21129133-MI_GSAR/detail,https://images-mls.static-ziprealty.com/images_mls/MI_GSAR/21/12/91/21129133_180.jpg,Oak Park,0.0,1.0,0.0,131479,0.462502780868
1346,48237,3.0,1.0,1094.0,6098.0,62.0,28,Oak Park,71900,0.0,42.4662,-83.184,https://www.ziprealty.com/property/13330-WOODVALE-ST-OAK-PARK-MI-48237/38198486/detail,https://images-mls.static-ziprealty.com/images_mls/MI_REALSOURCE/31/28/59/31285980_180.jpg,Oak Park,0.0,1.0,0.0,79382,0.104061196106
1347,48237,3.0,1.0,1347.0,5227.0,70.0,28,Oak Park,67500,0.0,42.4662,-83.184,https://www.ziprealty.com/property/24600-CLOVERLAWN-ST-OAK-PARK-MI-48237/38199894/detail,https://images.static-ziprealty.com/z/20160426171848/images/homes/no-photo-158x119.png,Oak Park,0.0,1.0,0.0,78223,0.158859259259
1351,48323,4.0,2.0,3389.0,15246.0,50.0,4,West Bloomfield,2450,0.0,42.5683,-83.3805,https://www.ziprealty.com/property/link/M-21140535-MI_GSAR/detail,https://images.static-ziprealty.com/z/20160426171848/images/homes/no-photo-158x119.png,West Bloomfield,0.0,1.0,0.0,59311,23.2085714286
1353,48323,3.0,1.0,2007.0,11761.0,75.0,4,West Bloomfield,1550,0.0,42.5683,-83.3805,https://www.ziprealty.com/property/link/M-21140000-MI_GSAR/detail,https://images.static-ziprealty.com/z/20160426171848/images/homes/no-photo-158x119.png,West Bloomfield,0.0,1.0,0.0,95469,60.5929032258
1377,48323,4.0,2.0,3674.0,16553.0,44.0,14,West Bloomfield,2250,0.0,42.5683,-83.3805,https://www.ziprealty.com/property/link/M-21134752-MI_GSAR/detail,https://images.static-ziprealty.com/z/20160426171848/images/homes/no-photo-158x119.png,West Bloomfield,0.0,1.0,0.0,155318,68.0302222222
1412,48334,2.0,2.0,1145.0,0.0,35.0,3,Farmington Hills,1100,0.0,42.5065,-83.3484,https://www.ziprealty.com/property/29880-W-12-MILE-RD-FARMINGTON-HILLS-MI-48334/83918657/detail,https://images.static-ziprealty.com/z/20160426171848/images/homes/no-photo-158x119.png,Farmington,1.0,0.0,0.0,8449,6.68090909091
1437,48334,2.0,2.0,1227.0,0.0,35.0,6,Farmington Hills,1100,0.0,42.5065,-83.3484,https://www.ziprealty.com/property/30056-W-12-MILE-RD-FARMINGTON-HILLS-MI-48334/83260461/detail,https://images.static-ziprealty.com/z/20160426171848/images/homes/no-photo-158x119.png,Farmington,1.0,0.0,0.0,12662,10.5109090909
1454,48334,3.0,3.0,1560.0,16117.0,62.0,17,Farmington Hills,1600,0.0,42.5065,-83.3484,https://www.ziprealty.com/property/28776-GREEN-CASTLE-RD-FARMINGTON-HILLS-MI-48334/38101520/detail,https://images-mls.static-ziprealty.com/images_mls/MI_FAAR/2/16/03/58/216035879_180.jpg,Farmington,0.0,1.0,0.0,40012,24.0075
1486,48336,3.0,2.0,2320.0,27443.0,63.0,2,Farmington Hills,1500,0.0,42.4656,-83.3638,https://www.ziprealty.com/property/link/M-21141158-MI_GSAR/detail,https://images.static-ziprealty.com/z/20160426171848/images/homes/no-photo-158x119.png,Farmington,0.0,1.0,0.0,16876,10.2506666667
1487,48336,3.0,1.0,1989.0,6970.0,52.0,2,Farmington Hills,1625,0.0,42.4656,-83.3638,https://www.ziprealty.com/property/link/M-21123038-MI_GSAR/detail,https://images-mls.static-ziprealty.com/images_mls/MI_GSAR/21/12/30/21123038_180.jpg,Farmington,0.0,1.0,0.0,30529,17.7870769231
1498,48336,3.0,2.0,3412.0,11761.0,31.0,4,Farmington Hills,1800,0.0,42.4656,-83.3638,https://www.ziprealty.com/property/link/M-21140217-MI_GSAR/detail,https://images.static-ziprealty.com/z/20160426171848/images/homes/no-photo-158x119.png,Farmington,0.0,1.0,0.0,84649,46.0272222222
1515,48336,3.0,1.0,1032.0,5227.0,52.0,12,Farmington Hills,1075,0.0,42.4656,-83.3638,https://www.ziprealty.com/property/20726-SAINT-FRANCIS-ST-FARMINGTON-HILLS-MI-48336/38117434/detail,https://images-mls.static-ziprealty.com/images_mls/MI_REALSOURCE/21/13/69/21136995_180.jpg,Farmington,0.0,1.0,0.0,6937,5.45302325581
1522,48336,2.0,2.0,1126.0,0.0,44.0,12,Farmington Hills,51000,0.0,42.4656,-83.3638,https://www.ziprealty.com/property/30715-SHIAWASSEE-RD-FARMINGTON-HILLS-MI-48336/82715157/detail,https://images.static-ziprealty.com/z/20160426171848/images/homes/no-photo-158x119.png,Farmington,0.0,1.0,0.0,57827,0.133862745098
1525,48336,3.0,5.0,2908.0,0.0,12.0,12,Farmington Hills,550000,0.0,42.4656,-83.3638,https://www.ziprealty.com/property/25545-INKSTER-RD-FARMINGTON-HILLS-MI-48336/38107133/detail,https://images-mls.static-ziprealty.com/images_mls/MI_REALCOMP/2/16/03/82/216038248_180.jpg,Farmington,0.0,1.0,0.0,641052,0.165549090909
1538,48341,4.0,1.0,2410.0,4792.0,95.0,15,Pontiac,30000,0.0,42.6294,-83.3041,https://www.ziprealty.com/property/link/M-21133520-MI_GSAR/detail,https://images.static-ziprealty.com/z/20160426171848/images/homes/no-photo-158x119.png,Pontiac,0.0,1.0,0.0,43627,0.454233333333
1546,48341,2.0,1.0,607.0,6970.0,67.0,28,Pontiac,35000,0.0,42.6294,-83.3041,https://www.ziprealty.com/property/574-HIGHLAND-AVE-PONTIAC-MI-48341/38016367/detail,https://images.static-ziprealty.com/z/20160426171848/images/homes/no-photo-158x119.png,Pontiac,0.0,1.0,0.0,41595,0.188428571429
1550,48341,2.0,2.0,2192.0,7405.0,106.0,28,Pontiac,58500,0.0,42.6294,-83.3041,https://www.ziprealty.com/property/124-HENRY-CLAY-AVE-PONTIAC-MI-48341/37958559/detail,https://images.static-ziprealty.com/z/20160426171848/images/homes/no-photo-158x119.png,Pontiac,0.0,1.0,0.0,65111,0.113008547009
1558,48341,2.0,1.0,3140.0,5227.0,106.0,33,Pontiac,47500,0.0,42.6294,-83.3041,https://www.ziprealty.com/property/link/M-20721858-MI_GSAR/detail,https://images-mls.static-ziprealty.com/images_mls/MI_GSAR/20/72/18/20721858_180.jpg,Pontiac,0.0,1.0,0.0,119319,1.51197894737
1563,48341,7.0,4.0,7105.0,19602.0,116.0,33,Pontiac,229900,0.0,42.6294,-83.3041,https://www.ziprealty.com/property/link/M-20721841-MI_GSAR/detail,https://images-mls.static-ziprealty.com/images_mls/MI_GSAR/20/72/18/20721841_180.jpg,Pontiac,0.0,1.0,0.0,285277,0.240874293171
1587,48341,3.0,1.0,1124.0,6098.0,80.0,36,Pontiac,14900,0.0,42.6294,-83.3041,https://www.ziprealty.com/property/299-PROSPECT-ST-PONTIAC-MI-48341/37962823/detail,https://images-mls.static-ziprealty.com/images_mls/MI_REALCOMP/2/16/02/79/216027942_180.jpg,Pontiac,0.0,1.0,0.0,25114,0.685503355705
1589,48341,3.0,1.0,1722.0,6098.0,80.0,37,Pontiac,14900,0.0,42.6294,-83.3041,https://www.ziprealty.com/property/link/M-21120895-MI_GSAR/detail,https://images-mls.static-ziprealty.com/images_mls/MI_GSAR/21/12/08/21120895_180.jpg,Pontiac,0.0,1.0,0.0,31520,1.11543624161
1603,48342,3.0,1.0,2246.0,7405.0,45.0,15,Pontiac,12900,0.0,42.6439,-83.2792,https://www.ziprealty.com/property/link/M-21132811-MI_GSAR/detail,https://images.static-ziprealty.com/z/20160426171848/images/homes/no-photo-158x119.png,Pontiac,0.0,1.0,0.0,26443,1.04984496124
1620,48342,4.0,2.0,2900.0,0.0,2.0,20,Pontiac,159995,0.0,42.6439,-83.2792,https://www.ziprealty.com/property/link/M-21129447-MI_GSAR/detail,https://images.static-ziprealty.com/z/20160426171848/images/homes/no-photo-158x119.png,Pontiac,0.0,1.0,0.0,177136,0.107134597956
1649,48342,3.0,1.0,1579.0,5663.0,96.0,33,Pontiac,37990,0.0,42.6439,-83.2792,https://www.ziprealty.com/property/link/M-20722245-MI_GSAR/detail,https://images-mls.static-ziprealty.com/images_mls/MI_GSAR/20/72/22/20722245_180.jpg,Pontiac,0.0,1.0,0.0,43387,0.142063700974
1716,48363,5.0,4.0,6482.0,0.0,14.0,2,Update,679900,0.0,42.7732,-83.1711,https://www.ziprealty.com/property/link/M-20932078-MI_GSAR/detail,https://images-mls.static-ziprealty.com/images_mls/MI_GSAR/20/93/20/20932078_180.jpg,Oakland,0.0,1.0,0.0,752042,0.106106780409
1753,48367,2.0,1.0,1397.0,8276.0,79.0,9,Leonard,1150,0.0,42.8437,-83.1406,https://www.ziprealty.com/property/link/M-21137633-MI_GSAR/detail,https://images.static-ziprealty.com/z/20160426171848/images/homes/no-photo-158x119.png,Leonard,0.0,1.0,0.0,15454,12.4382608696
1759,48367,4.0,2.0,1626.0,14375.0,186.0,28,Leonard,78000,0.0,42.8437,-83.1406,https://www.ziprealty.com/property/1440-MAIN-ST-LEONARD-MI-48367/37876882/detail,https://images.static-ziprealty.com/z/20160426171848/images/homes/no-photo-158x119.png,Leonard,0.0,1.0,0.0,88140,0.13
1762,48367,3.0,2.0,1606.0,0.0,0.0,28,Update,300000,0.0,42.8437,-83.1406,https://www.ziprealty.com/property/link/M-20734803-MI_REALSOURCE/detail,https://images-mls.static-ziprealty.com/images_mls/MI_REALSOURCE/20/73/48/20734803_180.jpg,Leonard,0.0,1.0,0.0,355617,0.18539
1763,48367,4.0,2.0,2217.0,0.0,0.0,28,Update,329000,0.0,42.8437,-83.1406,https://www.ziprealty.com/property/link/M-20722639-MI_REALSOURCE/detail,https://images-mls.static-ziprealty.com/images_mls/MI_REALSOURCE/20/72/26/20722639_180.jpg,Leonard,0.0,1.0,0.0,382668,0.163124620061
1784,48367,4.0,2.0,3329.0,0.0,0.0,33,Update,329000,0.0,42.8437,-83.1406,https://www.ziprealty.com/property/link/M-20722639-MI_GSAR/detail,https://images-mls.static-ziprealty.com/images_mls/MI_GSAR/20/72/26/20722639_180.jpg,Leonard,0.0,1.0,0.0,370728,0.126832826748
1810,48370,4.0,3.0,2126.0,0.0,39.0,65,Oxford,364900,0.0,42.8265,-83.2005,https://www.ziprealty.com/property/3110-HOSNER-RD-OXFORD-MI-48370/37876236/detail,https://images-mls.static-ziprealty.com/images_mls/MI_REALSOURCE/20/72/27/20722717_180.jpg,Oxford,0.0,1.0,0.0,413214,0.132403398191
1934,48380,3.0,3.0,2100.0,0.0,0.0,28,Update,3500,150.0,42.602,-83.6508,https://www.ziprealty.com/property/link/M-21118533-MI_REALSOURCE/detail,https://images.static-ziprealty.com/z/20160426171848/images/homes/no-photo-158x119.png,Milford,0.0,1.0,0.0,39090,10.1685714286
1942,48381,3.0,2.0,2224.0,11326.0,40.0,10,Milford,2150,0.0,42.5758,-83.5924,https://www.ziprealty.com/property/link/M-21137303-MI_GSAR/detail,https://images.static-ziprealty.com/z/20160426171848/images/homes/no-photo-158x119.png,Milford,0.0,1.0,0.0,43652,19.303255814
1943,48381,4.0,3.0,24472.0,0.0,0.0,10,Milford,427500,0.0,42.5758,-83.5924,https://www.ziprealty.com/property/link/M-21136539-MI_GSAR/detail,https://images.static-ziprealty.com/z/20160426171848/images/homes/no-photo-158x119.png,Milford,0.0,1.0,0.0,509099,0.190874853801
1975,48442,3.0,2.0,2416.0,0.0,60.0,5,Holly,96000,0.0,42.7905,-83.6127,https://www.ziprealty.com/property/link/M-21139295-MI_GSAR/detail,https://images.static-ziprealty.com/z/20160426171848/images/homes/no-photo-158x119.png,Holly,0.0,1.0,0.0,115826,0.206520833333
1976,48442,6.0,3.0,7208.0,0.0,17.0,5,Holly,500000,0.0,42.7905,-83.6127,https://www.ziprealty.com/property/link/M-21138938-MI_GSAR/detail,https://images.static-ziprealty.com/z/20160426171848/images/homes/no-photo-158x119.png,Holly,0.0,1.0,0.0,582669,0.165338
2056,83421,4.0,2.0,3492.0,0.0,76.0,28,Chester,150000,0.0,44.0011,-111.5351,https://www.ziprealty.com/property/link/M-204162-ID_SRMLS/detail,https://images-mls.static-ziprealty.com/images_mls/ID_SRMLS/20/41/204162_180.jpg,Chester,0.0,1.0,0.0,184670,0.231133333333
2057,83421,4.0,2.0,2156.0,43560.0,15.0,261,Chester,112000,0.0,44.0011,-111.5351,https://www.ziprealty.com/property/link/M-197758-ID_SRMLS/detail,https://images-mls.static-ziprealty.com/images_mls/ID_SRMLS/19/77/197758_180.jpg,Chester,0.0,1.0,0.0,127359,0.137133928571
2063,83429,1.0,1.0,938.0,23087.0,42.0,2,Island Park,65000,0.0,44.4466,-111.3679,https://www.ziprealty.com/property/link/M-204823-ID_SRMLS/detail,https://images-mls.static-ziprealty.com/images_mls/ID_SRMLS/20/48/204823_180.jpg,Island Park,0.0,1.0,0.0,78047,0.200723076923
2074,83451,3.0,2.0,2484.0,37897.0,45.0,13,Teton,125000,0.0,43.8907,-111.6504,https://www.ziprealty.com/property/link/M-204557-ID_SRMLS/detail,https://images-mls.static-ziprealty.com/images_mls/ID_SRMLS/20/45/204557_180.jpg,Teton,0.0,1.0,0.0,144695,0.15756
2269,94020,1.0,1.0,610.0,8480.0,75.0,230,La Honda,429000,337.0,37.2726,-122.2495,https://www.ziprealty.com/property/link/M-81515365-CAREIL/detail,https://images-mls.static-ziprealty.com/images_mls/CAREIL/81/51/53/81515365_180.jpg,La Honda,0.0,1.0,0.0,496080,0.156363636364
2735,94080,3.0,3.0,1644.0,0.0,37.0,8,South San Francisco,684950,370.0,37.6574,-122.4235,https://www.ziprealty.com/property/3550-CARTER-DR-_UNIT_120-SOUTH-SAN-FRANCISCO-CA-94080/87615738/detail,https://images-mls.static-ziprealty.com/images_mls/CAREIL/81/58/26/81582639_180.jpg,South San Francisco,1.0,0.0,0.0,769626,0.123623622162
2753,94080,3.0,2.0,1880.0,0.0,26.0,61,South San Francisco,708000,291.0,37.6574,-122.4235,https://www.ziprealty.com/property/127-ROSA-FLORA-CIR-SOUTH-SAN-FRANCISCO-CA-94080/10994241/detail,https://images-mls.static-ziprealty.com/images_mls/CAREIL/81/56/38/81563827_180.jpg,South San Francisco,0.0,0.0,1.0,824252,0.164197740113
2872,94105,2.0,2.0,1136.0,0.0,0.0,2,SF,1499000,0.0,37.7864,-122.3892,https://www.ziprealty.com/property/72-TOWNSEND-ST-_UNIT_609-SAN-FRANCISCO-CA-94107/87542426/detail,https://images-mls.static-ziprealty.com/images_mls/CABCREIS/44/51/445174_180.jpg,San Francisco,1.0,0.0,0.0,1706029,0.138111407605
3014,94107,3.0,3.0,2900.0,2500.0,116.0,105,SF,1345500,0.0,37.7621,-122.3971,https://www.ziprealty.com/property/1506-25TH-ST-SAN-FRANCISCO-CA-94107/10645293/detail,https://images-mls.static-ziprealty.com/images_mls/CABCREIS/44/12/441278_180.jpg,San Francisco,0.0,1.0,0.0,1500397,0.115122259383
3025,94109,2.0,2.0,1139.0,0.0,32.0,6,SF,998000,790.0,37.7917,-122.4186,https://www.ziprealty.com/property/1350-CALIFORNIA-ST-_UNIT_105-SAN-FRANCISCO-CA-94109/10546632/detail,https://images-mls.static-ziprealty.com/images_mls/CAREIL/81/57/87/81578758_180.jpg,San Francisco,1.0,0.0,0.0,1110125,0.112349699399
3157,94112,2.0,1.0,800.0,2500.0,72.0,6,SF,495000,0.0,37.7195,-122.4411,https://www.ziprealty.com/property/150-DE-LONG-ST-SAN-FRANCISCO-CA-94112/10691111/detail,https://images-mls.static-ziprealty.com/images_mls/CABCREIS/44/50/445016_180.jpg,San Francisco,0.0,1.0,0.0,580681,0.173092929293
3364,94118,1.0,2.0,686.0,0.0,9.0,41,SF,649000,418.0,37.7812,-122.4614,https://www.ziprealty.com/property/888-7TH-ST-_UNIT_LL36-SAN-FRANCISCO-CA-94107/79335974/detail,https://images-mls.static-ziprealty.com/images_mls/CABCREIS/44/35/443561_180.jpg,San Francisco,1.0,0.0,0.0,722017,0.112506933744
3376,94121,4.0,3.0,2200.0,2247.0,94.0,6,SF,1189000,0.0,37.7786,-122.4892,https://www.ziprealty.com/property/595-44TH-AVE-SAN-FRANCISCO-CA-94121/10575920/detail,https://images-mls.static-ziprealty.com/images_mls/CAREIL/81/57/71/81577135_180.jpg,San Francisco,0.0,1.0,0.0,1323704,0.113291841884
3394,94121,5.0,5.0,3172.0,3236.0,97.0,25,SF,1299000,0.0,37.7786,-122.4892,https://www.ziprealty.com/property/767-48th-Ave-_UNIT_767-San-Francisco-CA-94121/87795161/detail,https://images-mls.static-ziprealty.com/images_mls/CABCREIS/44/40/444026_180.jpg,San Francisco,0.0,1.0,0.0,1458499,0.122785989222
3489,94124,1.0,1.0,549.0,0.0,13.0,8,SF,229000,0.0,37.7309,-122.3886,https://www.ziprealty.com/property/901-BAY-SHORE-BLVD-_UNIT_305-SAN-FRANCISCO-CA-94124/10652384/detail,https://images.static-ziprealty.com/z/20160426171848/images/homes/no-photo-158x119.png,San Francisco,1.0,0.0,0.0,274457,0.198502183406
3496,94124,2.0,2.0,1255.0,1024.0,24.0,30,SF,272070,60.0,37.7309,-122.3886,https://www.ziprealty.com/property/32-Rebecca-Ln-San-Francisco-CA-94124/87761539/detail,https://images-mls.static-ziprealty.com/images_mls/CABCREIS/44/40/444000_180.jpg,San Francisco,0.0,1.0,0.0,335969,0.234862351601
3539,94131,2.0,1.0,913.0,0.0,41.0,3,SF,397675,579.0,37.745,-122.4383,https://www.ziprealty.com/property/75-Ora-Way-_UNIT_302D-San-Francisco-CA-94131/87960355/detail,https://images-mls.static-ziprealty.com/images_mls/CABCREIS/44/47/444784_180.jpg,San Francisco,1.0,0.0,0.0,447277,0.124729993085
3624,94134,3.0,2.0,1513.0,0.0,77.0,57,SF,699000,0.0,37.719,-122.4096,https://www.ziprealty.com/property/625-VISITACION-AVE-SAN-FRANCISCO-CA-94134/10669618/detail,https://images-mls.static-ziprealty.com/images_mls/CABCREIS/44/29/442954_180.jpg,San Francisco,0.0,1.0,0.0,775166,0.108964234621
3677,94303,4.0,3.0,1880.0,6600.0,8.0,58,East Palo Alto,999000,0.0,37.4673,-122.1388,https://www.ziprealty.com/property/401-RUNNYMEDE-ST-EAST-PALO-ALTO-CA-94303/11092811/detail,https://images-mls.static-ziprealty.com/images_mls/CAREIL/81/56/43/81564300_180.jpg,Palo Alto,0.0,1.0,0.0,1135703,0.13683983984
3678,94303,4.0,2.0,1500.0,6500.0,49.0,62,East Palo Alto,789000,0.0,37.4673,-122.1388,https://www.ziprealty.com/property/2235-MENALTO-AVE-EAST-PALO-ALTO-CA-94303/11090004/detail,https://images-mls.static-ziprealty.com/images_mls/CAREIL/81/56/37/81563750_180.jpg,Palo Alto,0.0,1.0,0.0,899513,0.140067173638
3782,94404,2.0,3.0,2224.0,0.0,18.0,62,Foster City,985000,900.0,37.5538,-122.27,https://www.ziprealty.com/property/720-PROMONTORY-POINT-LN-_UNIT_2303-FOSTER-CITY-CA-94404/11138795/detail,https://images-mls.static-ziprealty.com/images_mls/CAREIL/81/56/36/81563639_180.jpg,San Mateo,1.0,0.0,0.0,1127837,0.145012182741
3867,95020,5.0,4.0,3308.0,0.0,11.0,2,Gilroy,1099000,0.0,37.0139,-121.5773,https://www.ziprealty.com/property/9100-GUNNERA-LN-GILROY-CA-95020/11670563/detail,https://images-mls.static-ziprealty.com/images_mls/CAREIL/81/58/35/81583538_180.jpg,Gilroy,0.0,1.0,0.0,1215926,0.106393084622
3887,95020,4.0,2.0,1800.0,6600.0,63.0,14,Gilroy,499000,0.0,37.0139,-121.5773,https://www.ziprealty.com/property/360-WALNUT-LN-GILROY-CA-95020/11682919/detail,https://images-mls.static-ziprealty.com/images_mls/CAREIL/81/58/14/81581471_180.jpg,Gilroy,0.0,1.0,0.0,550827,0.103861723447
3898,95020,2.0,2.0,1200.0,435.0,32.0,23,Gilroy,300000,295.0,37.0139,-121.5773,https://www.ziprealty.com/property/8105-KERN-AVE-_UNIT_24-GILROY-CA-95020/11672949/detail,https://images-mls.static-ziprealty.com/images_mls/CAREIL/81/57/98/81579872_180.jpg,Gilroy,1.0,0.0,0.0,331737,0.10579
3902,95020,3.0,1.0,1206.0,0.0,46.0,23,Gilroy,699000,0.0,37.0139,-121.5773,https://www.ziprealty.com/property/7381-FURLONG-AVE-GILROY-CA-95020/87814241/detail,https://images-mls.static-ziprealty.com/images_mls/CAREIL/81/57/77/81577781_180.jpg,Gilroy,0.0,1.0,0.0,789453,0.129403433476
3938,95020,3.0,2.0,1968.0,0.0,56.0,100,Gilroy,880000,0.0,37.0139,-121.5773,https://www.ziprealty.com/property/link/M-81548427-CAREIL/detail,https://images-mls.static-ziprealty.com/images_mls/CAREIL/81/54/84/81548427_180.jpg,Gilroy,0.0,1.0,0.0,1002105,0.138755681818
4097,95033,6.0,4.0,3640.0,38931.0,59.0,3,Los Gatos Mountains,1250000,0.0,37.1539,-121.9816,https://www.ziprealty.com/property/22530-ECHO-DR-LOS-GATOS-CA-95033/11562284/detail,https://images-mls.static-ziprealty.com/images_mls/CAREIL/81/58/32/81583236_180.jpg,Los Gatos,0.0,1.0,0.0,1460641,0.1685128
4116,95033,4.0,3.0,2900.0,0.0,36.0,27,Los Gatos,699999,0.0,37.1539,-121.9816,https://www.ziprealty.com/property/21945-BEAR-CREEK-WAY-LOS-GATOS-CA-95033/11750477/detail,https://images-mls.static-ziprealty.com/images_mls/CAREIL/81/57/93/81579345_180.jpg,Los Gatos,0.0,1.0,0.0,799144,0.141635916623
4118,95033,4.0,4.0,2635.0,0.0,72.0,29,Los Gatos,998000,0.0,37.1539,-121.9816,https://www.ziprealty.com/property/22971-SANTA-CRUZ-HWY-LOS-GATOS-CA-95033/11751436/detail,https://images-mls.static-ziprealty.com/images_mls/CAREIL/81/57/88/81578887_180.jpg,Los Gatos,0.0,1.0,0.0,1120395,0.122640280561
4152,95033,4.0,3.0,2400.0,0.0,1.0,231,Los Gatos,859000,0.0,37.1539,-121.9816,https://www.ziprealty.com/property/link/M-81515091-CAREIL/detail,https://images-mls.static-ziprealty.com/images_mls/CAREIL/81/51/50/81515091_180.jpg,Los Gatos,0.0,1.0,0.0,959285,0.116746216531
4268,95037,3.0,2.0,1956.0,0.0,30.0,30,Morgan Hill,598000,0.0,37.1353,-121.6501,https://www.ziprealty.com/property/4421-CASA-LOMA-RD-MORGAN-HILL-CA-95037/11562916/detail,https://images-mls.static-ziprealty.com/images_mls/CAREIL/81/57/85/81578548_180.jpg,Morgan Hill,0.0,1.0,0.0,702113,0.174102006689
4333,95037,2.0,1.0,1008.0,0.0,66.0,333,Morgan Hill,849500,0.0,37.1353,-121.6501,https://www.ziprealty.com/property/link/M-81469161-CAREIL/detail,https://images-mls.static-ziprealty.com/images_mls/CAREIL/81/46/91/81469161_180.jpg,Morgan Hill,0.0,1.0,0.0,1027737,0.20981400824
4382,95050,2.0,1.0,994.0,6551.0,92.0,16,Santa Clara,849950,0.0,37.3492,-121.953,https://www.ziprealty.com/property/1726-FREMONT-ST-SANTA-CLARA-CA-95050/11378831/detail,https://images-mls.static-ziprealty.com/images_mls/CAREIL/81/57/71/81577105_180.jpg,Santa Clara,0.0,1.0,0.0,964342,0.134586740396
4400,95051,4.0,2.0,2100.0,9540.0,59.0,7,Santa Clara,998998,0.0,37.3483,-121.9844,https://www.ziprealty.com/property/2879-BARKLEY-AVE-SANTA-CLARA-CA-95051/11349116/detail,https://images-mls.static-ziprealty.com/images_mls/CAREIL/81/58/27/81582752_180.jpg,Santa Clara,0.0,1.0,0.0,1100343,0.101446649543
4422,95051,4.0,2.0,1381.0,5998.0,64.0,23,Santa Clara,899998,0.0,37.3483,-121.9844,https://www.ziprealty.com/property/1458-BLACKFIELD-DR-SANTA-CLARA-CA-95051/11394575/detail,https://images-mls.static-ziprealty.com/images_mls/CAREIL/81/57/98/81579874_180.jpg,Santa Clara,0.0,1.0,0.0,1005225,0.116919148709
4507,95110,3.0,1.0,1280.0,6850.0,68.0,3,San Jose,439950,0.0,37.3391,-121.9016,https://www.ziprealty.com/property/1274-VINE-ST-SAN-JOSE-CA-95110/11487635/detail,https://images-mls.static-ziprealty.com/images_mls/CAREIL/81/58/32/81583211_180.jpg,San Jose,0.0,1.0,0.0,522869,0.188473690192
4509,95110,2.0,2.0,1306.0,166.0,8.0,15,San Jose,989000,518.0,37.3391,-121.9016,https://www.ziprealty.com/property/38-N-ALMADEN-BLVD-_UNIT_1115-SAN-JOSE-CA-95110/11371839/detail,https://images-mls.static-ziprealty.com/images_mls/CAREIL/81/58/13/81581319_180.jpg,San Jose,1.0,0.0,0.0,1178148,0.191251769464
4715,95120,2.0,1.0,1392.0,12300.0,141.0,52,San Jose,500000,0.0,37.2144,-121.8574,https://www.ziprealty.com/property/21530-ALMADEN-RD-SAN-JOSE-CA-95120/11576933/detail,https://images-mls.static-ziprealty.com/images_mls/CAREIL/81/56/51/81565127_180.jpg,San Jose,0.0,1.0,0.0,571537,0.143074
4716,95120,2.0,1.0,900.0,0.0,72.0,56,San Jose,1050000,0.0,37.2144,-121.8574,https://www.ziprealty.com/property/20451-MCKEAN-RD-SAN-JOSE-CA-95120/11662016/detail,https://images-mls.static-ziprealty.com/images_mls/CAREIL/81/56/46/81564656_180.jpg,San Jose,0.0,1.0,0.0,1307247,0.244997142857
4930,95125,5.0,3.0,2192.0,5798.0,29.0,15,San Jose,775000,0.0,37.296,-121.8939,https://www.ziprealty.com/property/567-MINOR-AVE-SAN-JOSE-CA-95125/11374866/detail,https://images-mls.static-ziprealty.com/images_mls/CAREIL/81/58/12/81581217_180.jpg,San Jose,0.0,1.0,0.0,871883,0.125010322581
